{"cameraMode":{"drawMode":0,"name":"Shaded","section":"Shading Mode"},"sceneLighting":true,"audioPlay":false,"sceneViewState":{"m_AlwaysRefresh":false,"showFog":true,"showSkybox":true,"showFlares":true,"showImageEffects":true,"showParticleSystems":true,"showVisualEffectGraphs":true,"m_FxEnabled":true},"in2DMode":false,"pivot":{"x":-0.9260479211807251,"y":-3.2314271926879885,"z":-7.398183822631836},"rotation":{"x":-0.0054269470274448399,"y":0.9767668843269348,"z":-0.21279095113277436,"w":-0.024912992492318155},"size":8.39959716796875,"orthographic":false}