{"cameraMode":{"drawMode":0,"name":"Shaded","section":"Shading Mode"},"sceneLighting":true,"audioPlay":false,"sceneViewState":{"m_AlwaysRefresh":false,"showFog":true,"showSkybox":true,"showFlares":true,"showImageEffects":true,"showParticleSystems":true,"showVisualEffectGraphs":true,"m_FxEnabled":true},"in2DMode":false,"pivot":{"x":-6.031569004058838,"y":-20.36968231201172,"z":43.31403732299805},"rotation":{"x":-0.21425211429595948,"y":0.057686544954776767,"z":-0.01267644390463829,"w":-0.9749914407730103},"size":24.719539642333986,"orthographic":false}